tops	1
groan	-1
perfects	1
spammer	-1
saluting	1
transgresses	-1
punishes	-1
wasting	-1
virulent	-1
complaining	-1
super	1
loving	1
stuck	-1
amazing	1
funny	1
advisable	1
restored	1
mock	-1
avoid	-1
menaces	-1
humiliation	-1
irreversible	-1
conspiracy	-1
fiasco	-1
excellent	1
delightfully	1
amused	1
belittle	-1
traps	-1
escapes	-1
adoring	1
dishonest	-1
fatigues	-1
fame	1
scars	-1
promptly	1
horrendous	-1
terrorizes	-1
blamed	-1
desperately	-1
charged	-1
hardy	1
elation	1
bribed	-1
adventurous	1
raptured	1
harassed	-1
disproportionate	-1
resign	-1
hugs	1
expelled	-1
drained	-1
fidgety	-1
cutbacks	-1
passionate	1
obliterated	-1
goofiness	-1
loathes	-1
catastrophe	-1
stereotype	-1
sceptical	-1
offline	-1
restriction	-1
fucking good	1
glamorous	1
advantages	1
convince	1
exultant	1
stabs	-1
disconsolation	-1
blissful	1
upsetting	-1
gloomy	-1
ha	1
lags	-1
dubious	-1
colluding	-1
threatened	-1
unpleasant	-1
clears	1
aggravate	-1
validating	1
misbehaves	-1
burdening	-1
threatens	-1
braveness	1
enslaves	-1
wanker	-1
goddamn	-1
homicides	-1
strengthening	1
assets	1
goodness	1
support	1
sorrow	-1
fools	-1
rises	1
cheery	1
incoherent	-1
disparages	-1
defraud	-1
stampede	-1
champion	1
successful	1
eager	1
exploration	1
stank	-1
endorses	1
agreed	1
drowns	-1
deceit	-1
insult	-1
disregard	-1
gross	-1
lucky	1
greatest	1
brave	1
bastard	-1
caring	1
collides	-1
startling	1
save	1
possessive	-1
unintelligent	-1
disrespected	-1
clever	1
smart	1
interrupts	-1
effectiveness	1
dissatisfied	-1
underperforms	-1
cynicism	-1
goofy	-1
racism	-1
aborts	-1
hehe	1
tribulation	-1
misread	-1
well-championed	1
forgot	-1
fascinating	1
fearsome	-1
greeted	1
lag	-1
ban	-1
smiled	1
well-developed	1
prominent	1
spammers	-1
awful	-1
zealous	1
grateful	1
disastrous	-1
phobic	-1
collapses	-1
disregarded	-1
stressed	-1
drowned	-1
beating	-1
boost	1
looms	-1
neglect	-1
expelling	-1
growing	1
emptiness	-1
blocks	-1
smuggled	-1
discord	-1
lawl	1
integrity	1
qualities	1
pardons	1
discriminates	-1
passion	1
smuggle	-1
huckster	-1
exposed	-1
vitality	1
cowardly	-1
annoying	-1
nervous	-1
corrupts	-1
noob	-1
fearfully	-1
ease	1
inflamed	-1
terrifically	1
frustrated	-1
arrested	-1
restoring	1
stalled	-1
falling	-1
fag	-1
suicides	-1
recommends	1
ineptitude	-1
improve	1
fatigue	-1
awaited	-1
validate	1
cynic	-1
mature	1
blind	-1
gloom	-1
unhappiness	-1
rigged	-1
outbreak	-1
inept	-1
devoted	1
impress	1
solemn	-1
lonely	-1
attacked	-1
terribly	-1
jubilant	1
share	1
laughs	1
scar	-1
insecure	-1
bizarre	-1
pleasure	1
sloppy	-1
ostracizes	-1
safely	1
solidifying	1
righteousness	1
wishing	1
abhorrent	-1
impaired	-1
misbehave	-1
overstatements	-1
impairing	-1
disappointment	-1
collapsing	-1
murderous	-1
censor	-1
illnesses	-1
shy	-1
demoralizing	-1
proactive	1
unwanted	-1
wrongdoing	-1
tyrannical	-1
pretending	-1
pillage	-1
asset	1
corrupting	-1
nurturing	1
lool	1
apeshit	-1
plagued	-1
losses	-1
jovial	1
carefully	1
likeable	1
jailed	-1
warfare	-1
insane	-1
sentence	-1
vulnerability	-1
disadvantage	-1
youthful	1
nerves	-1
appreciated	1
exclude	-1
gem	1
bankruptcy	-1
maladaption	-1
prudence	1
misreport	-1
hospitalized	-1
commit	1
dejecting	-1
lololol	1
exploiting	-1
coward	-1
restricted	-1
murder	-1
promotes	1
absorbed	1
reassure	1
greedy	-1
slashed	-1
comprehensive	1
slick	1
pitied	-1
comforts	1
hellish	-1
assfucking	-1
die	-1
failed	-1
killed	-1
frenzy	-1
misrepresents	-1
suspend	-1
meditative	1
whitewash	-1
hail	1
insufficiently	-1
misbehaving	-1
worry	-1
apologised	-1
approved	1
rapture	1
deteriorates	-1
unlikely	-1
endorsement	1
unable	-1
lunatic	-1
antagonistic	-1
favourited	1
spirit	1
championed	1
exhilarates	1
dilemma	-1
painful	-1
aggressiveness	-1
killing	-1
threat	-1
favored	1
fascist	-1
unfitted	-1
invincible	1
breached	-1
violate	-1
reprimand	-1
pleasant	1
injustice	-1
intransigence	-1
effortlessly	1
sues	-1
ashame	-1
lobbyists	-1
exacerbated	-1
indestructible	1
accuse	-1
deploring	-1
imprisoned	-1
prohibit	-1
sympathy	1
cheers	1
promoting	1
deports	-1
scorn	-1
ashamed	-1
trust	1
backs	1
bastards	-1
appease	1
numb	-1
stimulate	1
imposter	-1
bailout	-1
strike	-1
lifesaver	1
passively	-1
violent	-1
gun	-1
overran	-1
uninvolving	-1
smartest	1
coziness	1
accomplishment	1
aggravating	-1
succeeding	1
ill-fated	-1
skeptical	-1
limitation	-1
horrific	-1
squander	-1
promised	1
acquits	1
accomplishments	1
starved	-1
contaminate	-1
cherishes	1
free	1
stabbed	-1
attractiveness	1
undeserving	-1
overweight	-1
disrupting	-1
devastations	-1
fucking love	1
na√Øve	-1
tumor	-1
fuckhead	-1
cuts	-1
unbelievable	-1
appropriately	1
chilling	-1
fan	1
pained	-1
rage	-1
sulking	-1
wisdom	1
unsupported	-1
lifeless	-1
barbaric	-1
failure	-1
infringement	-1
wish	1
distracted	-1
breakthrough	1
irritated	-1
aggressions	-1
mesmerizing	1
overlooked	-1
fondness	1
cheer	1
provokes	-1
ability	1
empathetic	1
demonstration	-1
interruption	-1
significance	1
menaced	-1
tears	-1
douche	-1
commitment	1
encouraging	1
cheering	1
humourous	1
eerie	-1
impairment	-1
dauntless	1
offense	-1
chastised	-1
reaches	1
reassures	1
shoody	-1
barbarous	-1
amuse	1
stout	1
discarded	-1
infection	-1
arsehole	-1
rejects	-1
congratulation	1
chic	1
cheaters	-1
corruption	-1
kidnapped	-1
innovates	1
game-changing	1
harried	-1
questioning	-1
debonair	1
contamination	-1
hurt	-1
filth	-1
solves	1
inhuman	-1
oversight	-1
agree	1
kidnappings	-1
unsophisticated	-1
engrossed	1
firing	-1
innovate	1
despairs	-1
salute	1
hatred	-1
favourite	1
unacceptable	-1
talent	1
vomiting	-1
violently	-1
gr8	1
gracious	1
ranter	-1
exonerated	1
wreck	-1
boosting	1
misinformed	-1
criticized	-1
plodding	-1
welcomed	1
cock	-1
prevents	-1
immune	1
suicide	-1
donating	1
stealing	-1
unequaled	1
capability	1
survivor	1
fine	1
whimsical	1
detain	-1
applause	1
chiding	-1
harming	-1
contend	-1
grey	-1
annoy	-1
disruptive	-1
clash	-1
infected	-1
entrusted	1
downhearted	-1
strangled	-1
false	-1
fear	-1
dirtiest	-1
exclusion	-1
post-traumatic	-1
justifiably	1
wealthy	1
seamlessly	1
favour	1
disruption	-1
cheerless	-1
transgressing	-1
deft	1
bribes	-1
joyfully	1
undermine	-1
lmfao	1
noble	1
fairness	1
homesick	-1
infantile	-1
justice	1
charmless	-1
discomfort	-1
forbid	-1
inoperative	-1
entitled	1
mumpish	-1
cheated	-1
destructive	-1
like	1
vibrant	1
hopes	1
disquiet	-1
depressing	-1
grace	1
secure	1
heartbroken	-1
embezzlement	-1
adored	1
drags	-1
imprisonment	-1
droopy	-1
underperformed	-1
wonderful	1
swiftly	1
bitterest	-1
cool stuff	1
faking	-1
fines	-1
misinterpreted	-1
mourning	-1
heroes	1
contaminant	-1
kinder	1
cancel	-1
haunting	1
envious	-1
snubbed	-1
misunderstands	-1
sinister	-1
stop	-1
abilities	1
obscene	-1
leadership	1
frikin	-1
strengthens	1
libelous	-1
thwarted	-1
unparliamentary	-1
misconducted	-1
misfire	-1
denied	-1
stinky	-1
ambitious	1
disillusioned	-1
inaction	-1
inspirational	1
victimization	-1
trauma	-1
hooligans	-1
joke	1
unfocused	-1
alas	-1
terrible	-1
politeness	1
altruistic	1
miserable	-1
disagree	-1
groans	-1
laugh	1
worth	1
indoctrinate	-1
cocky	-1
intimidates	-1
sappy	-1
assassinations	-1
defeated	-1
vomits	-1
obstacle	-1
gleeful	1
rise	1
shared	1
damages	-1
influential	1
regretting	-1
criticises	-1
evil	-1
unfunny	-1
adequate	1
scapegoat	-1
astoundingly	1
exciting	1
ghost	-1
mess	-1
thoughtless	-1
crisis	-1
celebrates	1
profit	1
boosted	1
congratulate	1
insulted	-1
mistakes	-1
accepting	1
ensure	1
bamboozles	-1
empowerment	1
misfortune	-1
worthless	-1
diseases	-1
respected	1
hate	-1
miserably	-1
ruining	-1
accept	1
derision	-1
not working	-1
rejoiced	1
weakened	-1
dejects	-1
worries	-1
touts	-1
loathsome	-1
conciliates	1
significant	1
beaten	-1
stinker	-1
disliked	-1
incapacitates	-1
pessimistic	-1
empower	1
lethal	-1
no fun	-1
excluded	-1
hoax	-1
dreams	1
scare	-1
frightening	-1
obstructing	-1
contaminating	-1
controversial	-1
macabre	-1
fatiguing	-1
horrible	-1
dysfunction	-1
wasted	-1
fails	-1
expertly	1
fearlessness	1
winning	1
plaguing	-1
forced	-1
boycotted	-1
gold	1
true	1
improper	-1
natural	1
infracting	-1
defeat	-1
overselling	-1
falsely	-1
wronged	-1
boldly	1
burdened	-1
hooligan	-1
laughed	1
distrustful	-1
racists	-1
shortages	-1
help	1
loom	-1
inconsiderate	-1
ennui	-1
deadly	-1
violence	-1
bored	-1
merry	1
criticizes	-1
inflict	-1
hated	-1
fascinate	1
alert	-1
outrageous	-1
rotflol	1
fucking	-1
destroys	-1
unoriginal	-1
ghastly	-1
moron	-1
vigilant	1
mislead	-1
oversimplified	-1
infects	-1
punished	-1
happiness	1
cherishing	1
maldevelopment	-1
inquisitive	1
screwed up	-1
warmth	1
attracting	1
fallen	-1
loved	1
memoriam	-1
subversive	-1
deny	-1
clueless	-1
complicating	-1
choked	-1
disgust	-1
contagions	-1
worse	-1
worshiped	1
vomited	-1
hates	-1
dizzy	-1
solidify	1
enlightening	1
accomplish	1
unmatched	1
wins	1
evacuate	-1
misreports	-1
lobby	-1
encourages	1
dead	-1
mourned	-1
side-effect	-1
yeees	1
flawlessly	1
irate	-1
doubting	-1
glorious	1
fakes	-1
serene	1
squandered	-1
yes	1
bribe	-1
join	1
drunk	-1
poisoned	-1
wow	1
dignity	1
compassion	1
disappointed	-1
impairs	-1
exacerbate	-1
amusements	1
sweeter	1
cute	1
lol	1
excitement	1
moping	-1
ignorant	-1
handpicked	1
harmony	1
inexcusable	-1
unsound	-1
carefulness	1
desperate	-1
dont like	-1
block	-1
indignant	-1
irresistibly	1
salvation	1
douchebag	-1
romantical	1
inexorable	-1
shares	1
enraging	-1
responsibility	1
blockbuster	1
reached	1
avoids	-1
dipshit	-1
havoc	-1
fucker	-1
embittered	-1
litigious	-1
idiotic	-1
clean	1
misused	-1
suave	1
curious	1
spotless	1
scold	-1
mocked	-1
abandons	-1
groaning	-1
poison	-1
endorse	1
polished	1
indifferent	-1
excited	1
charmingly	1
comfort	1
deceive	-1
tyrannic	-1
blesses	1
anxious	-1
homicide	-1
idiot	-1
loss	-1
defender	1
charges	-1
likers	1
dumbass	-1
tremors	-1
award	1
unaware	-1
well-being	1
incompetent	-1
hypocritical	-1
despairing	-1
unapproved	-1
love	1
rightfully	1
casualty	-1
fresh	1
lost	-1
crazier	-1
pushy	-1
complaint	-1
naive	-1
tortures	-1
celebrated	1
distracts	-1
loose	-1
exquisite	1
forbidden	-1
exasperating	-1
rotfl	1
cocksuckers	-1
humane	1
lackadaisical	-1
affected	-1
traumatic	-1
weary	-1
distract	-1
swift	1
torture	-1
seditious	-1
collisions	-1
sentencing	-1
bamboozle	-1
substantial	1
luckily	1
ubiquitous	1
discards	-1
looool	1
enthral	1
exhilarating	1
protects	1
heavyhearted	-1
problems	-1
mispricing	-1
non-approved	-1
skeptic	-1
harasses	-1
hid	-1
interesting	1
romantically	1
damnit	-1
burdens	-1
insensitive	-1
annoys	-1
demands	-1
oppressive	-1
profits	1
intimidated	-1
unsecured	-1
gallantry	1
ignores	-1
infect	-1
cancer	-1
insolvent	-1
hinder	-1
complaints	-1
refused	-1
comfortably	1
motherfucking	-1
death	-1
bullshit	-1
unresearched	-1
oversells	-1
nasty	-1
bankster	-1
confuse	-1
sneaky	-1
cry	-1
hilarious	1
chagrined	-1
disrupts	-1
greenwashing	-1
offending	-1
offender	-1
trapped	-1
stressors	-1
injuries	-1
weakness	-1
comic	1
shame	-1
evacuation	-1
brilliant	1
infatuated	1
contentious	-1
sexy	1
visionary	1
raptures	1
disgusting	-1
infract	-1
bothered	-1
deceptive	-1
strikers	-1
xoxoxo	1
worsens	-1
inappropriate	-1
headache	-1
saluted	1
disorganized	-1
straight	1
once-in-a-lifetime	1
confidence	1
favors	1
panics	-1
deceitful	-1
haters	-1
looses	-1
parley	-1
avenges	-1
perpetrator	-1
gagged	-1
contemptible	-1
revolting	-1
badass	-1
cried	-1
warned	-1
successfully	1
misusing	-1
deficit	-1
tired	-1
smear	-1
litigation	-1
distorted	-1
competencies	1
dilligence	1
proudly	1
brightest	1
rejection	-1
delectable	1
exuberant	1
memorable	1
bitterly	-1
xo	1
avenge	-1
despondent	-1
exposing	-1
betrayed	-1
sufferer	-1
easy	1
chaos	-1
zealot	-1
humor	1
slashing	-1
chided	-1
n00b	-1
collapsed	-1
disqualified	-1
apologized	-1
advanced	1
lurks	-1
overreacting	-1
dick	-1
lazy	-1
demanding	-1
capabilities	1
horrified	-1
sneezed	-1
allegations	-1
condemnation	-1
fortunate	1
kind	1
overreacted	-1
adorable	1
embarrassing	-1
ass	-1
interrupted	-1
lenient	1
whore	-1
repulsed	-1
deception	-1
shattered	-1
benefits	1
imposing	-1
respect	1
appealing	1
madly	-1
reprimanded	-1
embrace	1
violation	-1
revive	1
insufficiency	-1
pardoned	1
controversially	-1
violating	-1
deficient	-1
uneventful	-1
felony	-1
apology	-1
avenger	-1
kickbacks	-1
arrests	-1
fatal	-1
affectionateness	1
haha	1
bitter	-1
prevent	-1
mournful	-1
gripping	1
robed	-1
superb	1
favours	1
solidarity	1
lobbyist	-1
swindling	-1
derides	-1
vividly	1
xoxoxoxo	1
exclusive	1
leading	1
unprofessional	-1
worried	-1
waste	-1
reprimanding	-1
tyrannically	-1
savings	1
attack	-1
insults	-1
petrified	-1
cocksucker	-1
grisly	-1
jewel	1
agonized	-1
destroy	-1
disparaged	-1
inferior	-1
resolves	1
opportunity	1
rejected	-1
betrays	-1
pollution	-1
exploited	-1
appreciating	1
fortunately	1
destroying	-1
acrimonious	-1
misgiving	-1
distorting	-1
swears	-1
obstinate	-1
strengthened	1
cashing in	-1
vindicates	1
profitable	1
farce	-1
benefactors	1
euphoria	1
discouraged	-1
contaminates	-1
somber	-1
prosecute	-1
criminates	-1
intense	1
demanded	-1
desire	1
appeased	1
eviction	-1
critics	-1
fucking beautiful	1
perfection	1
thankful	1
hurrah	1
uneasy	-1
dispute	-1
awkward	-1
devotional	1
defenders	1
legal	1
heroic	1
sorrowful	-1
repulsive	-1
complains	-1
enrages	-1
virtuous	1
suicidal	-1
bullied	-1
toothless	-1
burglar	-1
spamming	-1
protesters	-1
admonish	-1
narcissism	-1
fucking amazing	1
craziest	-1
vision	1
solid	1
impeachments	-1
undesirable	-1
hug	1
hurts	-1
infuriates	-1
betrayal	-1
disrupt	-1
pressured	-1
buoyant	1
dear	1
hailed	1
increase	1
donation	1
helpful	1
mindless	-1
puzzled	-1
sickness	-1
outcry	-1
launched	1
rose	1
infectious	-1
conflict	-1
growths	1
rapist	-1
humorous	1
friendly	1
disapprove	-1
underestimating	-1
accuses	-1
stricken	-1
goodlooking	1
satisfied	1
imbecile	-1
sadden	-1
kindness	1
disagreement	-1
crying	-1
distressing	-1
obstruct	-1
foreclosures	-1
incense	-1
offend	-1
reach	1
frauds	-1
touting	-1
bad luck	-1
dupery	-1
celebrations	1
faithful	1
overreaction	-1
lapsed	-1
misrepresent	-1
scams	-1
desirous	1
mischiefs	-1
faggot	-1
aghast	-1
kills	-1
obsolete	-1
forget	-1
wrongdoings	-1
disguise	-1
lied	-1
heartless	-1
criminated	-1
yummy	1
oversimplifies	-1
offence	-1
selfishness	-1
winner	1
tenderness	1
pretty	1
allow	1
imaginative	1
powerless	-1
ugh	-1
degraded	-1
shrew	-1
bother	-1
tranquil	1
rejecting	-1
threatening	-1
happiest	1
accidents	-1
vexing	-1
poorest	-1
indicted	-1
aborted	-1
donate	1
deficiencies	-1
hahahah	1
poorly	-1
prohibits	-1
fake	-1
pity	-1
strikes	-1
intact	1
dislikes	-1
deportations	-1
immobilized	-1
grim	-1
discredited	-1
cleaner	1
undermined	-1
fatigued	-1
relieve	1
menace	-1
forgettable	-1
illness	-1
harm	-1
stopping	-1
useless	-1
provoked	-1
inability	-1
misrepresentations	-1
handsome	1
interrupt	-1
dupe	-1
safer	1
prospect	1
poised	-1
trusts	1
elated	1
silly	-1
disrespect	-1
guilt	-1
ftw	1
toxic	-1
constipation	-1
adores	1
unselfish	1
bomb	-1
slickest	1
defer	-1
right direction	1
improving	1
criminals	-1
insanity	-1
worthy	1
lovely	1
overreacts	-1
depressed	-1
salient	1
postponed	-1
lolol	1
comforting	1
filthy	-1
esteemed	1
illegally	-1
exacerbating	-1
dangerously	-1
punitive	-1
deformed	-1
wealth	1
pissed	-1
shitty	-1
mistake	-1
tarnishes	-1
crush	-1
joyous	1
sleeplessness	-1
applauding	1
loving-kindness	1
lagged	-1
admitted	-1
better	1
upsets	-1
enterprising	1
gray	-1
friendliness	1
disbelieve	-1
bright	1
bully	-1
cover-up	-1
sustainability	1
motivating	1
reassuring	1
fucking fantastic	1
forefront	1
enchanted	1
sluggish	-1
justified	1
duped	-1
compassionate	1
twat	-1
dismissed	-1
ironic	-1
denying	-1
disappears	-1
irony	-1
alienation	-1
resolution	1
murderer	-1
disconsolate	-1
compliments	1
peaceful	1
uninspired	-1
appalled	-1
amazed	1
accused	-1
denounces	-1
delighted	1
astound	1
apologizes	-1
penalty	-1
poor	-1
infantilized	-1
impair	-1
persecute	-1
verdicts	-1
stress	-1
allegation	-1
jeopardy	-1
ally	1
suspected	-1
devotion	1
reliably	1
disgusted	-1
favorites	1
agonised	-1
extends	1
gratification	1
interest	1
misbranding	-1
unforgiving	-1
flops	-1
deported	-1
nervously	-1
survived	1
avert	-1
appeasing	1
thank	1
exasperates	-1
futile	-1
scandalous	-1
illegal	-1
disappoints	-1
refreshingly	1
outage	-1
maltreatment	-1
beautifully	1
abhor	-1
flawed	-1
brutally	-1
validated	1
absolves	1
fire	-1
stall	-1
deporting	-1
made-up	-1
damned	-1
outreach	1
atrocity	-1
fascinated	1
kickback	-1
sprightly	1
diffident	-1
brisk	1
fail	-1
restricting	-1
displeased	-1
fighting	-1
offended	-1
smarter	1
abandoned	-1
treasures	1
inquisition	-1
chance	1
vapid	-1
foul	-1
ranters	-1
ugly	-1
bloody	-1
overreact	-1
missing	-1
courage	1
perpetrated	-1
crude	-1
ineffectual	-1
favorably	1
awesome	1
scornful	-1
misleading	-1
poorer	-1
overload	-1
polluter	-1
frightened	-1
boosts	1
exhausted	-1
impeded	-1
struggle	-1
troll	-1
damage	-1
jerk	-1
favourites	1
detracts	-1
moaning	-1
uncredited	-1
yeah	1
likable	1
disappoint	-1
hindrance	-1
best	1
harass	-1
biased	-1
misclassifies	-1
unsure	-1
inefficient	-1
acquitted	1
sad	-1
steal	-1
astounds	1
avenging	-1
quaking	-1
audacious	1
postpone	-1
peacefully	1
costly	-1
weaknesses	-1
terrorized	-1
undercooked	-1
fainthearted	-1
stalling	-1
contagion	-1
faggots	-1
brutal	-1
penalized	-1
snubs	-1
neglects	-1
fabulously	1
torn	-1
wealthier	1
delay	-1
overstatement	-1
reject	-1
looming	-1
advantageously	1
outraged	-1
intelligent	1
murdering	-1
incapable	-1
offensive	-1
bereave	-1
vivacious	1
bamboozled	-1
greenwashers	-1
settlement	1
guarantee	1
sucks	-1
indignation	-1
triumph	1
enjoy	1
bereaving	-1
oppressions	-1
benefit	1
acquit	1
responsive	1
laughting	1
accidentally	-1
abusing	-1
unreleting	-1
complacent	-1
evacuating	-1
distresses	-1
misconducts	-1
intimidate	-1
restores	1
damaging	-1
hiding	-1
swearing	-1
enslaved	-1
active	1
devastated	-1
impose	-1
rants	-1
fascinates	1
terrific	1
riveting	1
fortune	1
disruptions	-1
helpless	-1
fabulous	1
underperforming	-1
spark	1
harassing	-1
enslave	-1
suck	-1
bereaves	-1
succeeds	1
acquitting	1
greet	1
deterrent	-1
despair	-1
severe	-1
scandal	-1
praise	1
doomed	-1
revives	1
adopts	1
damn	-1
accomplishes	1
urgent	-1
granting	1
inspiration	1
hapless	-1
cynical	-1
nifty	1
trouble	-1
promote	1
degrade	-1
impresses	1
can't stand	-1
anti	-1
moan	-1
enrage	-1
vague	-1
dazzling	1
victimizes	-1
greetings	1
does not work	-1
convicted	-1
imposes	-1
mirth	1
well-proportioned	1
astounding	1
applaud	1
blackmails	-1
paradox	-1
warns	-1
weep	-1
gift	1
suspended	-1
raped	-1
messed	-1
pathetic	-1
retreat	-1
racist	-1
fatality	-1
bore	-1
obscenity	-1
dehumanized	-1
erroneous	-1
jolly	1
absentee	-1
adore	1
leave	-1
prepared	1
kidnaps	-1
pleasurable	1
honour	1
frisky	1
abductions	-1
flawless	1
adoration	1
fond	1
livid	-1
diamond	1
blackmailing	-1
methodically	1
perfectly	1
authority	1
disturbing	-1
dedicated	1
helps	1
hardship	-1
infections	-1
faith	1
madness	-1
enthusiastic	1
rainy	-1
bravura	1
funeral	-1
regrets	-1
clarity	1
forgive	1
splendid	1
apocalyptic	-1
tainted	-1
fulfill	1
warm	1
trap	-1
favorable	1
greed	-1
direful	-1
tension	-1
disheartened	-1
escaping	-1
disguising	-1
dismal	-1
gag	-1
wowww	1
quality	1
rebellion	-1
dud	-1
afraid	-1
questionable	-1
solidifies	1
agonises	-1
shortage	-1
irresponsibly	-1
unimaginative	-1
disapproves	-1
aggravates	-1
enjoyable	1
apologises	-1
discernment	1
supporting	1
inspires	1
strange	-1
apologize	-1
infuriating	-1
penalizing	-1
inefficiently	-1
spirited	1
beautiful	1
clouded	-1
smiles	1
peace	1
restrictive	-1
blame	-1
swindle	-1
damn cute	1
polluted	-1
woeful	-1
evergreening	-1
prblms	-1
battles	-1
stink	-1
panicked	-1
alarmists	-1
capable	1
disgustful	-1
pardoning	1
supporters	1
condemn	-1
ineffectively	-1
agog	1
suspect	-1
annoyance	-1
fucking perfect	1
novel	1
shamed	-1
agonising	-1
validates	1
terrorize	-1
amazes	1
obsessed	1
hooliganism	-1
colliding	-1
prisoners	-1
suspicious	-1
distressed	-1
fucking great	1
disparaging	-1
graceful	1
interrogated	-1
monopolizes	-1
haplessness	-1
childish	-1
accomplished	1
conciliate	1
selfish	-1
fantastic	1
accident	-1
hacked	-1
consent	1
regretted	-1
fair	1
ill	-1
big	1
humour	1
uplifting	1
attacks	-1
struggles	-1
sin	-1
enlighten	1
inefficiency	-1
fuckface	-1
rotflmfao	1
excuse	-1
bargain	1
insipid	-1
sincerest	1
fad	-1
lobbying	-1
rob	-1
intimidation	-1
overjoyed	1
disapproved	-1
funnier	1
notorious	-1
stopped	-1
scary	-1
shocking	-1
terrorists	-1
thrilled	1
repercussion	-1
mocks	-1
spacious	1
feeling	1
surviving	1
honoring	1
exaggerating	-1
downcast	-1
bias	-1
funerals	-1
risk	-1
wavering	-1
await	-1
appreciate	1
best damn	1
misrepresented	-1
struggling	-1
mocking	-1
honest	1
oops	-1
ungenerous	-1
secures	1
freedoms	1
impeachment	-1
admonished	-1
complain	-1
nosey	-1
recognition	1
transgressed	-1
adventures	1
hater	-1
relieving	1
predatory	-1
scream	-1
green washing	-1
corrupt	-1
durable	1
want	1
exempt	-1
dying	-1
wooo	1
wonderfully	1
idiocy	-1
invasion	-1
motivate	1
neglecting	-1
delighting	1
woow	1
bad	-1
steadfast	1
penalizes	-1
lucrative	1
fervent	1
blocked	-1
bravery	1
pollute	-1
purest	1
abused	-1
risky	-1
humerous	1
unstable	-1
badness	-1
verdict	-1
noisy	-1
oks	1
favourably	1
rant	-1
odd	-1
marvelous	1
rigorously	1
mourn	-1
assault	-1
affectionate	1
appropriate	1
infecting	-1
compliment	1
lame	-1
discriminatory	-1
solutions	1
kill	-1
delights	1
violated	-1
sarcastic	-1
aboard	1
absentees	-1
dirtier	-1
encouragement	1
approval	1
terrorist	-1
bloated	-1
huge	1
slip	-1
warnings	-1
heartbreaking	-1
intimacy	1
thwarting	-1
vindicate	1
unbearable	-1
deaths	-1
manipulating	-1
adoringly	1
wtff	-1
strength	1
donates	1
lapse	-1
poverty	-1
cheered	1
vomit	-1
thwarts	-1
foreclosure	-1
aura	1
redeemed	1
glad	1
disorders	-1
aching	-1
lawsuit	-1
unhealthy	-1
limited	-1
underestimated	-1
provoke	-1
luck	1
misplaces	-1
praises	1
oxymoron	-1
underperform	-1
grieved	-1
riots	-1
deplore	-1
shaky	-1
blackmailed	-1
sexistic	-1
dodgy	-1
lurking	-1
abusive	-1
plague	-1
convivial	1
outrage	-1
misrepresenting	-1
slumping	-1
condemns	-1
perturbed	-1
passive	-1
funky	1
deportation	-1
calming	1
brilliances	1
provoking	-1
ouch	-1
solved	1
allergic	-1
fatalities	-1
prisoner	-1
generous	1
banned	-1
confidently	1
jocular	1
vitamin	1
robust	1
contemptuously	-1
lonesome	-1
intricate	1
suffered	-1
arrest	-1
criticising	-1
manipulation	-1
charisma	1
seduced	-1
criticizing	-1
unhappy	-1
lethargy	-1
accepts	1
explorations	1
apologizing	-1
loves	1
sunshine	1
chagrin	-1
reliable	1
dire	-1
doubtful	-1
chastise	-1
disinclined	-1
rebel	-1
forgotten	-1
misconducting	-1
troubled	-1
infuriated	-1
cool	1
neglected	-1
irreproducible	-1
resentful	-1
destruction	-1
gruesome	-1
obstructs	-1
complained	-1
invulnerable	1
lobbied	-1
cheats	-1
expel	-1
elegant	1
deferring	-1
pressure	-1
violence-related	-1
succeed	1
exacerbates	-1
melancholy	-1
propaganda	-1
garbage	-1
careful	1
pure	1
kind of	-1
visions	1
honor	1
sympathetic	1
negativity	-1
impeding	-1
abuses	-1
imperfect	-1
unequal	-1
demoralized	-1
fervid	1
visioning	1
unintentional	-1
misplaced	-1
sincerely	1
rescue	1
hell	-1
gains	1
battle	-1
fuked	-1
disappointing	-1
distrust	-1
cheerfully	1
atrocious	-1
stolen	-1
shock	-1
focused	1
agreeable	1
attract	1
engage	1
enlightens	1
blockade	-1
hopelessness	-1
squandering	-1
healthy	1
ignorance	-1
combat	-1
modernize	1
mourns	-1
exonerates	1
harsher	-1
severely	-1
grants	1
restrict	-1
fraud	-1
euphoric	1
calmed	1
oversold	-1
flaw	-1
snubbing	-1
apologising	-1
timid	-1
magnificent	1
liar	-1
top	1
honoured	1
devastation	-1
abuse	-1
shocks	-1
broke	-1
clearly	1
infracts	-1
illegitimate	-1
blessings	1
apprehensive	-1
committing	1
disgraced	-1
dump	-1
incensing	-1
refined	1
postpones	-1
flop	-1
gaining	1
sedition	-1
felonies	-1
terror	-1
discarding	-1
impressed	1
refusing	-1
succeeded	1
joy	1
amusement	1
unmotivated	-1
chastises	-1
tender	1
deceives	-1
warning	-1
alive	1
medal	1
crowding	-1
substantially	1
worsened	-1
arrogant	-1
discriminated	-1
bankrupt	-1
badly	-1
ardent	1
bitch	-1
unsuccessful	-1
forgetful	-1
adventure	1
spiritless	-1
ungrateful	-1
intrigues	1
prosperous	1
fraudster	-1
strong	1
tense	-1
resigned	-1
hysterical	-1
loomed	-1
balanced	1
goodwill	1
unappreciated	-1
polluters	-1
compelled	1
oversell	-1
gain	1
mongering	-1
misunderstood	-1
unravel	1
harsh	-1
playful	1
heavenly	1
ostracized	-1
disputed	-1
disturbed	-1
zealots	-1
enjoyed	1
skeptics	-1
rejoicing	1
courtesy	1
lugubrious	-1
wishes	1
rich	1
smile	1
cherished	1
war	-1
dreading	-1
accidental	-1
wicked	-1
lethality	-1
homeless	-1
oppressed	-1
protesting	-1
restless	-1
rejoices	1
evergreens	1
barrier	-1
blurry	-1
stops	-1
slaves	-1
acclaimed	1
longing	-1
sue	-1
brainwashing	-1
lowest	-1
error	-1
boycotting	-1
conflictive	-1
exasperated	-1
dangerous	-1
wrongfully	-1
scared	-1
hardier	1
champions	1
sinful	-1
aggressive	-1
transgress	-1
dislike	-1
collide	-1
ambivalent	-1
excruciatingly	-1
astounded	1
well-established	1
dithering	-1
exonerating	1
scandals	-1
haunts	-1
lovelies	1
anticipation	1
fever	-1
rape	-1
greenwasher	-1
panic	-1
unclear	-1
grant	1
enraged	-1
avid	1
resolved	1
disputing	-1
failures	-1
guilty	-1
spiteful	-1
snub	-1
indoctrinates	-1
contending	-1
slicker	1
misreporting	-1
distinguished	1
well-groomed	1
discounted	-1
suited	1
banish	-1
joyless	-1
kidnapping	-1
irrational	-1
energetic	1
strongest	1
desirable	1
brooding	-1
philanthropy	1
jackasses	-1
keen	1
embarrass	-1
unemployed	-1
suitable	1
defects	-1
wtfff	-1
punish	-1
defenseless	-1
inflicts	-1
applauded	1
groaned	-1
festive	1
admit	-1
promoted	1
corpse	-1
chides	-1
cares	1
unsatisfied	-1
struggled	-1
indoctrinated	-1
axe	-1
suffers	-1
envy	-1
rigorous	1
darkest	-1
steals	-1
contaminants	-1
tremor	-1
overwrought	-1
upset	-1
murky	-1
retard	-1
irresistible	1
achievable	1
anguished	-1
outstanding	1
hysteria	-1
controversy	-1
tits	-1
ache	-1
irritates	-1
bullying	-1
scoop	1
benefactor	1
screamed	-1
criticised	-1
exultantly	1
sophisticated	1
insomnia	-1
liars	-1
benevolent	1
doom	-1
responsible	1
intimidating	-1
agrees	1
apathetic	-1
tragic	-1
slam	-1
dreary	-1
disgrace	-1
convinced	1
animosity	-1
harmoniously	1
blocking	-1
harshest	-1
treasonous	-1
insensitivity	-1
respects	1
shameful	-1
disrupted	-1
perjury	-1
horrid	-1
prblm	-1
refines	1
relishing	1
disorder	-1
failing	-1
drop	-1
tragedy	-1
demoralizes	-1
treason	-1
disregards	-1
exploits	-1
agreement	1
inadequate	-1
warmness	1
wrongly	-1
revengeful	-1
awards	1
not good	-1
smiling	1
promises	1
walkout	-1
restricts	-1
improved	1
protest	-1
fraudsters	-1
defect	-1
progress	1
breaches	-1
bribing	-1
spam	-1
kudos	1
breaching	-1
fearful	-1
willingness	1
triumphant	1
ruined	-1
victimized	-1
harmonious	1
sincere	1
rewarding	1
ensuring	1
famine	-1
inspired	1
welcomes	1
courageous	1
evacuates	-1
unscientific	-1
disability	-1
thoughtful	1
silencing	-1
losing	-1
cutback	-1
haunt	-1
scam	-1
accessible	1
coercion	-1
harms	-1
solve	1
victim	-1
courageousness	1
unbelieving	-1
embarrassment	-1
remorse	-1
fulfills	1
unified	1
inadvertently	-1
clear	1
improves	1
pretends	-1
side-effects	-1
charitable	1
hesitant	-1
woebegone	-1
gained	1
contaminated	-1
rightful	1
misclassify	-1
simplicity	1
angers	-1
prison	-1
flu	-1
cornered	-1
vile	-1
favorite	1
troubles	-1
frustrates	-1
pensive	-1
complimented	1
downside	-1
confusing	-1
motivated	1
celebrating	1
self-deluded	-1
outnumbered	-1
flees	-1
tragedies	-1
positively	1
enemies	-1
hideous	-1
determined	1
contemptuous	-1
paradise	1
dragged	-1
crime	-1
jesus	1
squelched	-1
fight	-1
ostracize	-1
environment-friendly	1
pique	-1
pissing	-1
forgiving	1
no	-1
inviting	1
boycott	-1
stressor	-1
troubling	-1
sustainably	1
protests	-1
modernizes	1
ruin	-1
imposed	-1
matter	1
fucking loves	1
shit	-1
woo	1
tarnish	-1
trembling	-1
embarrasses	-1
infracted	-1
denier	-1
needy	-1
absolved	1
defrauds	-1
drudgery	-1
resigns	-1
slave	-1
lagging	-1
unloved	-1
lurk	-1
bliss	1
lunatics	-1
engages	1
reassured	1
liked	1
pollutes	-1
god	1
mischief	-1
infesting	-1
beauty	1
unsettled	-1
awarded	1
deplores	-1
pileup	-1
danger	-1
resolve	1
sobering	1
cramp	-1
preventing	-1
tricked	-1
derail	-1
cancels	-1
infatuation	1
sustainable	1
laughing	1
short-sightedness	-1
disagreeable	-1
devastating	-1
spoiled	-1
mistaken	-1
battling	-1
indifference	-1
disabling	-1
unsuccessfully	-1
perpetrators	-1
fucktard	-1
monopolizing	-1
aficionados	1
oversimplification	-1
friend	1
penalize	-1
bothersome	-1
falsified	-1
debt	-1
avengers	-1
dreadful	-1
illiteracy	-1
embarrassed	-1
profiteer	-1
chokes	-1
contaminations	-1
displeasure	-1
icky	-1
beloved	1
favoured	1
disapproval	-1
excite	1
attractively	1
attracted	1
treasure	1
subpoena	-1
yucky	-1
riot	-1
methodical	1
lolololol	1
doubts	-1
sparkles	1
important	1
committed	1
agonize	-1
calms	1
tard	-1
masterpiece	1
carefree	1
irreversibly	-1
agonise	-1
supporter	1
hide	-1
heaven	1
abducted	-1
suing	-1
avenged	-1
unavailing	-1
burglary	-1
uproar	-1
nigger	-1
lousy	-1
falsify	-1
kiss	1
stable	1
appreciates	1
plagues	-1
clarifies	1
drag	-1
corrupted	-1
deafening	-1
promise	1
powerful	1
spearhead	1
stimulated	1
glee	1
evacuated	-1
distort	-1
disdain	-1
crushed	-1
swear	-1
pretend	-1
outages	-1
refuse	-1
angry	-1
battled	-1
win	1
grave	-1
betraying	-1
untrue	-1
befitting	1
reliability	1
safe	1
weird	-1
uncomfortable	-1
famous	1
applauds	1
monotone	-1
darkness	-1
jealous	-1
detention	-1
mirthfully	1
misuse	-1
victimize	-1
critic	-1
incomplete	-1
slut	-1
expose	-1
insulting	-1
diverting	-1
expand	1
acclaim	1
accusations	-1
touted	-1
popular	1
violations	-1
daring	1
unsafe	-1
denies	-1
impedes	-1
astonished	1
stifled	-1
enjoys	1
undermining	-1
regret	-1
difficult	-1
itchy	-1
accusing	-1
benefitting	1
mad	-1
shithead	-1
dropped	-1
dirty	-1
deride	-1
disaster	-1
detracted	-1
woohoo	1
frustrate	-1
censored	-1
victory	1
cheerful	1
doubted	-1
emergency	-1
genial	1
innovation	1
pointless	-1
perplexed	-1
ignore	-1
reaching	1
loser	-1
conflicts	-1
godsend	1
absolving	1
unforgivable	-1
breach	-1
rude	-1
worsening	-1
delightful	1
hazardous	-1
breathtaking	1
soothe	1
accusation	-1
sorry	-1
fertile	1
sick	-1
alarmist	-1
exaggerate	-1
dread	-1
resigning	-1
commended	1
deject	-1
coerced	-1
angered	-1
crappy	-1
relaxed	1
yearning	1
misunderstand	-1
sullen	-1
great	1
sins	-1
admiring	1
incapacitating	-1
rofl	1
supported	1
congrats	1
warn	-1
infested	-1
dumb	-1
inspiring	1
improperly	-1
sincerity	1
dehumanize	-1
tyrans	-1
poignant	1
secured	1
humble	1
meaningful	1
gallantly	1
invite	1
revered	1
blaming	-1
fuckers	-1
hopefully	1
injured	-1
enemy	-1
calm	1
disputes	-1
vociferous	-1
hahaha	1
wrongful	-1
enlightened	1
greeting	1
contender	-1
cherish	1
strengths	1
deprivation	-1
misreported	-1
starving	-1
damn good	1
haunted	-1
offends	-1
lively	1
envying	-1
thwart	-1
celebration	1
piteous	-1
mope	-1
humbug	-1
violates	-1
trusted	1
admits	-1
exaggerated	-1
alarm	-1
proud	1
unfair	-1
distasteful	-1
confident	1
cruelty	-1
totalitarian	-1
abandon	-1
tolerant	1
fuckin	-1
wits	1
fucked	-1
optimism	1
stupid	-1
psychopathic	-1
retarded	-1
cutting	-1
cunning	1
outbreaks	-1
sore	-1
rotten	-1
taint	-1
comedy	1
jackass	-1
decisive	1
blames	-1
derided	-1
wowow	1
offenses	-1
slash	-1
fascists	-1
grand	1
endorsed	1
disasters	-1
noticeable	1
collapse	-1
disjointed	-1
messing up	-1
fuck	-1
exhilarated	1
fit	1
blithe	1
irreparable	-1
conflicting	-1
sulky	-1
maddening	-1
marvel	1
cruel	-1
beauties	1
fed up	-1
sentenced	-1
ethical	1
amaze	1
congratulations	1
avoided	-1
rash	-1
expands	1
thorny	-1
impede	-1
sparkling	1
dreaded	-1
stimulating	1
effective	1
fud	-1
contagious	-1
loyalty	1
mirthful	1
absolve	1
travesty	-1
misplacing	-1
controversies	-1
averted	-1
befit	1
effectively	1
some kind	-1
dehumanizes	-1
perfect	1
infests	-1
inflicted	-1
struck	-1
brightness	1
distress	-1
hallelujah	1
unconvinced	-1
regretful	-1
honored	1
injury	-1
criticize	-1
persecuting	-1
remarkable	1
smuggling	-1
solution	1
unsold	-1
cautious	-1
illogical	-1
importance	1
friendship	1
sparkle	1
disappointments	-1
charming	1
ludicrous	-1
oppression	-1
retained	-1
loyal	1
roflmao	1
ignored	-1
fuking	-1
heartfelt	1
piss	-1
exonerate	1
oversimplify	-1
frustration	-1
exasparate	-1
blah	-1
abhorred	-1
choke	-1
criticise	-1
inconvenience	-1
worst	-1
terrified	-1
unpleasantness	-1
impotent	-1
criminal	-1
deteriorating	-1
stinking	-1
aggression	-1
unappeasable	-1
widowed	-1
esteem	1
obstacles	-1
robber	-1
lethargic	-1
hides	-1
welcome	1
greenwash	-1
appalling	-1
green wash	-1
critique	-1
sweetest	1
dirt	-1
slavery	-1
miss	-1
expels	-1
savange	-1
leak	-1
unemployment	-1
worn	-1
rejoice	1
extremists	-1
extend	1
eery	-1
withdrawal	-1
apologise	-1
moody	-1
discriminate	-1
ugliness	-1
irresolute	-1
hope	1
threats	-1
averts	-1
pay	-1
exploit	-1
disparage	-1
exaggerates	-1
jealousy	-1
usefulness	1
supports	1
vicious	-1
risks	-1
obliterate	-1
deformity	-1
boastful	-1
vexation	-1
deplored	-1
modernizing	1
delayed	-1
censors	-1
doubt	-1
protected	1
jumpy	-1
good	1
misleads	-1
bereaved	-1
boring	-1
rescues	1
destroyed	-1
cancelled	-1
deteriorate	-1
murders	-1
fascination	1
disabilities	-1
worsen	-1
opportunities	1
derails	-1
fulfilled	1
rebels	-1
nonsense	-1
indecisive	-1
challenge	-1
immortal	1
offensively	-1
hysterics	-1
anguish	-1
persecutes	-1
demand	-1
underestimates	-1
recommend	1
dent	-1
alarmed	-1
freedom	1
rewarded	1
misunderstanding	-1
repellent	-1
elegantly	1
enjoying	1
torturing	-1
admired	1
salutes	1
bummer	-1
pollutant	-1
delight	1
blessing	1
hollow	-1
weeping	-1
abhors	-1
recession	-1
axed	-1
detached	-1
loool	1
disapproving	-1
attacking	-1
misuses	-1
innovative	1
well-focused	1
entertaining	1
marvels	1
disguised	-1
perfected	1
glum	-1
glamourous	1
notable	1
tribute	1
beautify	1
screaming	-1
startled	-1
forbidding	-1
anxiety	-1
tarnished	-1
captivated	1
fired	-1
popularity	1
chastising	-1
liking	1
prays	1
lighthearted	1
scumbag	-1
swindles	-1
wrenching	-1
thanks	1
unfulfilled	-1
uptight	-1
positive	1
fun	1
donated	1
disguises	-1
classy	1
solving	1
disappeared	-1
sentences	-1
wrathful	-1
disappear	-1
picturesque	1
crimes	-1
alone	-1
disregarding	-1
admires	1
improvement	1
unhygienic	-1
inediable	-1
suspecting	-1
crash	-1
victimizing	-1
disadvantaged	-1
manipulated	-1
negative	-1
won	1
empty	-1
protect	1
discriminating	-1
misplace	-1
robing	-1
encouraged	1
crap	-1
adversary	-1
assaults	-1
assassination	-1
disturb	-1
cheating	-1
victims	-1
robs	-1
attraction	1
demoralize	-1
harmful	-1
rig	-1
questioned	-1
acceptable	1
conciliated	1
incompetence	-1
interrupting	-1
privileged	1
unbiased	1
vulnerable	-1
distraction	-1
misbehaved	-1
skepticism	-1
belittled	-1
stronger	1
tremulous	-1
pardon	1
commend	1
courteous	1
intransigency	-1
fitness	1
unstoppable	1
niggas	-1
frantic	-1
combats	-1
errors	-1
unconcerned	-1
deport	-1
roflcopter	1
happy	1
detract	-1
optionless	-1
curse	-1
furious	-1
backed	1
stunned	-1
restful	1
repercussions	-1
tout	-1
indoctrinating	-1
warmhearted	1
extremist	-1
denial	-1
foolish	-1
bitches	-1
accolade	1
sigh	-1
agonizes	-1
prevented	-1
infest	-1
deadlock	-1
sued	-1
favorited	1
pain	-1
vindicating	1
postponing	-1
richly	1
disapprovals	-1
undermines	-1
glory	1
deficiency	-1
sneezing	-1
unconfirmed	-1
creative	1
grief	-1
crushing	-1
dodging	-1
infuriate	-1
manslaughter	-1
victories	1
defunct	-1
unjust	-1
advantageous	1
ruins	-1
uncertain	-1
romance	1
leaked	-1
fearing	-1
please	1
commits	1
evergreen	1
wtf	-1
cheater	-1
giddy	-1
singleminded	-1
deteriorated	-1
jaunty	1
greets	1
united	1
fruitless	-1
flagship	1
dickhead	-1
rageful	-1
rescued	1
mercy	1
luxury	1
dumps	-1
savanges	-1
outmaneuvered	-1
contempt	-1
ratified	1
safety	1
stunning	1
charm	1
stole	-1
attracts	1
stinked	-1
resolving	1
tyran	-1
peril	-1
escape	-1
reliant	1
optimistic	1
flustered	-1
suffer	-1
prick	-1
legally	1
deceiving	-1
goodmorning	1
backing	1
misclassified	-1
heartwarming	1
barbarian	-1
criminate	-1
offences	-1
relieves	1
tolerance	1
certain	1
defective	-1
strengthen	1
harmed	-1
timorous	-1
frowning	-1
honouring	1
apathy	-1
saved	1
fearless	1
sweet	1
smuggles	-1
died	-1
sueing	-1
daredevil	1
choking	-1
fulfillment	1
faker	-1
pervert	-1
sexist	-1
stubborn	-1
inflicting	-1
frustrating	-1
misery	-1
dull	-1
untarnished	1
generously	1
unavailable	-1
jewels	1
persecuted	-1
incenses	-1
moaned	-1
affronted	-1
moans	-1
fraudulence	-1
xoxo	1
drown	-1
lack	-1
hopeful	1
discontented	-1
self-abuse	-1
gallant	1
pleased	1
derelict	-1
refuses	-1
supportive	1
seamless	1
courageously	1
ecstatic	1
gullible	-1
gullibility	-1
vigor	1
cancelling	-1
impedingly	-1
desired	1
scum	-1
chide	-1
dehumanizing	-1
earnest	1
downer	-1
benefitted	1
hunger	-1
starves	-1
dolorous	-1
cheat	-1
incapacitated	-1
fraudulent	-1
limits	-1
winwin	1
weak	-1
inhibit	-1
agonizing	-1
devastate	-1
loathe	-1
relentless	-1
underestimate	-1
screwed	-1
solidified	1
threaten	-1
constrained	-1
masterpieces	1
engrossing	1
spoilt	-1
fucking cute	1
burden	-1
contestable	-1
success	1
deniers	-1
inconvenient	-1
lmao	1
unattractive	-1
repulse	-1
tortured	-1
attractions	1
soothing	1
crestfallen	-1
stinks	-1
interests	1
crushes	-1
stab	-1
chaotic	-1
miracle	1
prosecutes	-1
muddy	-1
rapturous	1
self-confident	1
favor	1
problem	-1
revenge	-1
derailed	-1
concerned	-1
sadly	-1
bless	1
cries	-1
piqued	-1
dedication	1
dearly	1
betray	-1
pray	1
freak	-1
settlements	1
collision	-1
competitive	1
victors	1
restore	1
obstructed	-1
affection	1
care	1
obnoxious	-1
finest	1
screams	-1
misconduct	-1
victor	1
prospects	1
reigning	1
impatient	-1
unimpressed	-1
slashes	-1
resolute	1
hurting	-1
trickery	-1
hero	1
unlovable	-1
mistaking	-1
meaningless	-1
matters	1
helping	1
wrong	-1
anger	-1
lawsuits	-1
advantage	1
disturbs	-1
encourage	1
useful	1
stereotyped	-1
approves	1
hostile	-1
pessimism	-1
celebrate	1
dour	-1
discard	-1
dumped	-1
stupidity	-1
pseudoscience	-1
nice	1
smog	-1
short-sighted	-1
recommended	1
pesky	-1
hopeless	-1
consents	1
saddened	-1
vitriolic	-1
vindicated	1
impressive	1
prosperity	1
vested	1
exposes	-1
cut	-1
interested	1
stingy	-1
kidnap	-1
sabotage	-1
competent	1
poisons	-1
mandatory	-1
feeble	-1
relieved	1
shoot	-1
disease	-1
missed	-1
nuts	-1
monopolize	-1
supreme	1
shocked	-1
reckless	-1
abduction	-1
miscast	-1
deformities	-1
stupidly	-1
modernized	1
praising	1
praying	1
granted	1
dejected	-1
denounce	-1
hard	-1
deadening	-1
afflicted	-1
squanders	-1
cleared	1
irritating	-1
careless	-1
crazy	-1
inspire	1
comfortable	1
myth	-1
fuming	-1
ridiculous	-1
conciliating	1
isolated	-1
accepted	1
reprimands	-1
enrapture	1
disoriented	-1
harshly	-1
delicious	1
strangely	-1
beatific	1
consolable	1
insignificant	-1
condemned	-1
envies	-1
insufficient	-1
detained	-1
joyful	1
dismayed	-1
undecided	-1
unfit	-1
son-of-a-bitch	-1
dream	1
lovable	1
deriding	-1
fucking hot	1
denials	-1
flaws	-1
misinformation	-1
fright	-1
ominous	1
misleaded	-1
stimulates	1
sufferers	-1
broken	-1
highlight	1
landmark	1
hoping	1
suffering	-1
confused	-1
punishing	-1
sneeze	-1
convinces	1
misrepresentation	-1
obstruction	-1
irresponsible	-1
aggravated	-1
motivation	1
self-contradictory	-1
stamina	1
excellence	1
adopt	1
increased	1
appeases	1
degrades	-1
loathed	-1
walkouts	-1
praised	1
annoyed	-1
catastrophic	-1
prosecuted	-1
overprotective	-1
refine	1
polite	1
humiliated	-1
blackmail	-1
appreciation	1
motherfucker	-1
criticism	-1
amicable	1
hesitate	-1
monopolized	-1
cunt	-1
uselessness	-1
worrying	-1
starve	-1
incomprehensible	-1
suspects	-1
loathing	-1
affordable	1
unethical	-1
totalitarianism	-1
incensed	-1
reward	1
jokes	1
asshole	-1
deceived	-1
distorts	-1
damaged	-1
ineffective	-1
bothers	-1
unworthy	-1
chances	1
noblest	1
irritate	-1
sneezes	-1
superior	1
purposeful	1
prosecution	-1
speculative	-1
rewards	1
harassment	-1
likes	1
greater	1
boycotts	-1
awaits	-1
soothed	1
favourable	1
acceptance	1
fool	-1
defiant	-1
attractive	1
admire	1
brilliance	1
growth	1
mediocrity	-1
bold	1
hating	-1
unfavorable	-1
scapegoats	-1
